{
  "precision": 0.9391891891891891,
  "recall": 0.9328859060402684,
  "f1": 0.936026936026936,
  "n_train": 4459,
  "n_val": 1115
}